Timestamp,Speed_kmph,Battery_pct,Voltage_V,Current_A,Solar_Power_W,Motor_Temp_C,Ambient_Temp_C,Distance_km,Power_Consumption_W,SOC_pct,Acceleration_mps2,Efficiency_km_per_pct,Elevation_m,Battery_Temp_C,Battery_Health_pct,Regeneration_W,Weather
12-05-2026 09:00,51.83,99.96,49.91,15.67,190.7,50.55,30.03,0.43,782.2,99.43,0.51,4.32,322.4,33.53,98.79,5.5,Sunny
12-05-2026 09:00,38.31,99.93,49.96,13.92,216.5,46.6,29.92,0.75,717.1,99.95,-0.55,7.51,323.2,34.86,98.73,3.5,Sunny
12-05-2026 09:01,37.45,99.89,49.91,13.25,157.3,44.58,31.05,1.06,687.9,100.05,-1.03,9.72,317.4,34.09,98.87,9.3,Sunny
12-05-2026 09:01,38.12,99.85,49.87,16.1,194.6,47.12,31.57,1.38,739.4,99.92,0.92,9.44,320.7,35.63,98.78,4.4,Sunny
12-05-2026 09:02,30.53,99.82,49.95,14.48,216.3,44.06,29.91,1.64,675.8,100.33,-0.19,9.08,316.4,32.95,98.75,3.1,Sunny
12-05-2026 09:02,32.45,99.79,50.18,10.01,221.3,44.99,30.63,1.91,511.2,100.11,0.3,9.27,318.5,35.13,98.87,3.6,Partly Cloudy
12-05-2026 09:03,43.76,99.76,49.96,13.67,190.9,49.66,29.8,2.27,715.2,99.96,0.27,9.4,322.7,33.79,98.8,2,Sunny
12-05-2026 09:03,40.6,99.72,49.85,14.9,234,46.72,30.38,2.61,733.8,99.36,0.14,9.38,321.9,34.68,98.8,2.4,Partly Cloudy
12-05-2026 09:04,53.16,99.68,50.12,15.68,203.3,49.71,29.71,3.05,799.8,99.74,0.01,9.59,318.3,33.19,98.89,2.8,Sunny
12-05-2026 09:04,35.35,99.65,50.11,13.89,244.6,44.65,29.77,3.35,672.7,99.59,-0.31,9.51,315,33.51,98.94,8.9,Sunny
12-05-2026 09:05,36.43,99.62,49.84,12.3,225.4,45.66,29.47,3.65,600,99.37,-0.14,9.56,313.9,33.48,98.71,3.4,Partly Cloudy
12-05-2026 09:05,46.43,99.58,50.06,14.8,246.5,47.72,30.56,4.04,765.5,99.87,0.64,9.61,319.6,35,98.78,4.3,Cloudy
12-05-2026 09:06,45.02,99.54,49.86,15.2,240.9,47.69,29.3,4.41,737.6,99.6,-0.05,9.66,323.8,32.55,98.79,6.9,Partly Cloudy
12-05-2026 09:06,45.74,99.51,49.95,14.88,235.3,49.36,29.31,4.79,701.8,100.2,0.12,9.74,322.7,32.94,98.85,3.4,Partly Cloudy
12-05-2026 09:07,43.86,99.47,49.74,13.42,206.7,46.25,31.08,5.16,719,99.66,0.47,9.77,320.6,33.74,98.85,0,Partly Cloudy
12-05-2026 09:07,32.67,99.44,50.12,11.62,237.9,45.22,29.67,5.43,580.3,99.29,-0.42,9.75,318.1,33.96,98.8,5.7,Sunny
12-05-2026 09:08,40.84,99.4,49.96,16.17,236.6,46.21,30.18,5.77,802.3,99.41,0.34,9.67,317,34.14,98.84,3.6,Sunny
12-05-2026 09:08,38.7,99.37,49.99,13.98,196.4,47.28,31.61,6.09,708.6,99.28,-0.29,9.63,325.1,32.79,98.77,5.9,Partly Cloudy
12-05-2026 09:09,51.48,99.33,49.96,13.47,216,50.26,29.89,6.52,667,99.47,0.03,9.8,323.9,33.52,98.75,3.9,Partly Cloudy
12-05-2026 09:09,46.98,99.3,49.84,14.89,219.3,48.21,30.31,6.91,766.6,99.3,-0.24,9.82,322.7,34.98,98.84,2.2,Sunny
12-05-2026 09:10,46.2,99.26,49.91,15.74,216.4,46.56,30.6,7.3,775.1,99.53,-0.29,9.82,311.5,33.19,98.79,6.3,Sunny
12-05-2026 09:10,42.2,99.22,49.76,13.93,260.1,47.84,31.32,7.65,691.8,99.46,0.25,9.84,320.1,37.2,98.77,9,Partly Cloudy
12-05-2026 09:11,45.25,99.19,50.09,14.83,230.4,48.5,28.41,8.03,739.3,99.6,-0.62,9.86,314,31.89,98.74,8,Cloudy
12-05-2026 09:11,45.22,99.14,50.06,16.88,234.3,47.78,28.61,8.4,852.5,99.08,0.2,9.81,318.2,31.05,98.81,5.5,Sunny
12-05-2026 09:12,48.59,99.11,49.89,15.14,232.1,49.9,29.74,8.81,721.5,98.68,0.2,9.86,314.2,33.66,98.79,9.3,Sunny
12-05-2026 09:12,35.82,99.07,49.93,14.06,222.9,47.42,28.76,9.11,683.5,99.13,0.95,9.82,311,33.12,98.82,4,Partly Cloudy
12-05-2026 09:13,42.8,99.04,49.95,14.37,241.3,48.47,27.7,9.47,698,99.34,-0.24,9.84,320.9,31.18,98.76,4.2,Sunny
12-05-2026 09:13,47.15,98.99,50.04,16.64,206.5,49.21,29.74,9.86,866,99.07,-0.46,9.8,329.3,33.67,98.81,3.8,Sunny
12-05-2026 09:14,50.07,98.96,49.6,13.87,241.9,49.95,29.69,10.28,650,98.91,0.2,9.9,319.5,33.82,98.84,1.3,Partly Cloudy
12-05-2026 09:14,41.67,98.92,49.99,14.82,289.5,46.54,30.7,10.62,802.2,98.7,-0.39,9.85,313.8,34.8,98.8,3.1,Partly Cloudy
12-05-2026 09:15,48.56,98.88,49.87,16.43,237.4,49.44,30.99,11.03,781.1,99.14,-0.19,9.87,317.5,35.38,98.66,2,Sunny
12-05-2026 09:15,34.19,98.85,49.82,13.41,225.3,44.31,31.62,11.31,651.1,98.94,-0.2,9.84,315.5,35.38,98.85,6.7,Partly Cloudy
12-05-2026 09:16,46.16,98.81,50.23,15.56,240.8,49.38,29.57,11.7,760.7,98.7,0.39,9.85,321.8,34.42,98.66,2.2,Partly Cloudy
12-05-2026 09:16,37.13,98.78,49.78,13.56,278.1,46.2,29.69,12.01,706.2,98.11,0.05,9.82,323.9,33.09,98.77,4.7,Sunny
12-05-2026 09:17,44.8,98.74,49.89,14.62,246.8,47.26,30.55,12.38,734.2,98.99,0.59,9.83,315.3,34.88,98.75,7.2,Partly Cloudy
12-05-2026 09:17,50.54,98.7,49.79,14.25,231.6,49.93,29.74,12.8,712.3,98.47,-0.62,9.88,321.7,34.65,98.78,0,Partly Cloudy
12-05-2026 09:18,35.28,98.68,50.02,11.28,259.9,44.73,31.52,13.09,556.2,98.83,-0.65,9.9,321.2,36.58,98.81,1.4,Sunny
12-05-2026 09:18,31.9,98.65,50.09,12.23,232.8,42.96,27.65,13.36,584.3,98.76,-0.51,9.88,323.1,31.51,98.77,5.9,Sunny
12-05-2026 09:19,46.58,98.61,49.99,14.07,286.4,49.5,31.32,13.75,707.2,98.69,-0.47,9.91,315,35.46,98.74,8.1,Sunny
12-05-2026 09:19,44.77,98.58,49.93,14.37,252.1,48.59,28.99,14.12,703.8,98.58,0.13,9.92,323.4,32.57,98.78,1.5,Cloudy
12-05-2026 09:20,50.15,98.54,49.82,14.02,242.3,50.61,30.06,14.54,713.8,97.96,-0.56,9.97,321.2,34.92,98.77,3.4,Sunny
12-05-2026 09:20,34.71,98.51,50.07,14.25,293.1,45.56,30.7,14.83,718.1,98.8,-0.26,9.92,313.2,34.81,98.83,2.1,Partly Cloudy
12-05-2026 09:21,45.68,98.47,50.18,13.97,248.7,49.97,29.88,15.21,723.5,98.56,-0.28,9.94,324.7,35.2,98.83,3.9,Partly Cloudy
12-05-2026 09:21,52.28,98.43,49.84,16.47,243.1,51.7,29.31,15.65,819,98.19,0.21,9.95,308.7,33.57,98.73,3.1,Partly Cloudy
12-05-2026 09:22,52.64,98.38,49.98,17.25,294.2,50.57,29.71,16.08,890.5,98.67,-0.47,9.95,322.5,33.35,98.79,5.9,Partly Cloudy
12-05-2026 09:22,46.01,98.35,49.92,14.45,236.1,49.04,29.74,16.47,739.6,98.58,0.53,9.96,323.2,34.8,98.73,0.3,Sunny
12-05-2026 09:23,53.22,98.31,49.88,14.06,265.6,50.76,30.6,16.91,666.8,98.62,0.11,10.03,323.5,33.78,98.76,2.6,Sunny
12-05-2026 09:23,48.88,98.27,49.94,17.63,269,48.92,30.19,17.32,881,98.04,0.37,10.01,318.1,33.69,98.79,8.1,Sunny
12-05-2026 09:24,36.96,98.24,49.92,14.12,250.1,46.45,31.62,17.63,672.7,98.27,-0.35,9.99,314,34.74,98.81,4.9,Sunny
12-05-2026 09:24,45.44,98.2,49.95,15.12,251.9,48.85,29.95,18,718.7,98.5,-0.74,10,319.4,34.86,98.87,3.9,Sunny
12-05-2026 09:25,44.61,98.17,49.87,13.65,286.4,49.22,31.12,18.38,669.5,97.81,-0.06,10.02,316.3,35.34,98.72,5.1,Cloudy
12-05-2026 09:25,41.49,98.13,50.02,15.95,253.2,47.03,28.64,18.72,802.2,98.29,0.29,9.99,325.1,32.44,98.73,4.6,Sunny
12-05-2026 09:26,53.55,98.09,49.89,16.42,319.7,50.84,30.63,19.17,786.3,98.54,-0.93,10.02,318,33.1,98.81,6.6,Partly Cloudy
12-05-2026 09:26,36.29,98.06,49.87,10.68,254.8,45.51,29.69,19.47,494.5,97.85,0.31,10.05,316.6,34.32,98.82,0.3,Cloudy
12-05-2026 09:27,46.87,98.03,49.67,13.64,246.1,49.48,30.9,19.86,661.9,98.66,-0.19,10.08,314.7,36.6,98.81,3.2,Partly Cloudy
12-05-2026 09:27,37.47,98,49.91,12.84,289.5,45.36,30.86,20.17,666.4,98.39,-0.17,10.07,322.3,34.45,98.82,6.1,Sunny
12-05-2026 09:28,56.26,97.96,49.96,14.08,280.6,51.77,29.08,20.64,696.5,97.96,-0.74,10.12,323.1,33.27,98.8,4.7,Partly Cloudy
12-05-2026 09:28,51.47,97.93,50.04,14.46,236.4,50.19,30.51,21.07,699.7,98.11,0,10.16,323.4,33.97,98.75,4.1,Partly Cloudy
12-05-2026 09:29,42.67,97.89,49.89,14.29,274,47.9,30.65,21.43,734.2,97.75,-0.76,10.15,321.7,34.84,98.8,2.7,Partly Cloudy
12-05-2026 09:29,39.13,97.85,50.01,15.48,295.6,48.28,29.38,21.75,764.4,97.24,-0.46,10.12,314.5,33.54,98.8,0,Cloudy
12-05-2026 09:30,38.2,97.82,49.94,13.95,258,45.77,29.27,22.07,691.6,97.75,0.5,10.11,315.6,33.3,98.88,5.7,Sunny
12-05-2026 09:30,41.73,97.79,49.94,10.76,275.5,48.36,30.46,22.42,583.6,98.33,0.27,10.13,319.3,33.8,98.78,8.7,Cloudy
12-05-2026 09:31,31.42,97.75,50.18,14.26,295.9,44.06,29.82,22.68,732.5,97.89,0.1,10.08,324.1,32.66,98.74,0,Cloudy
12-05-2026 09:31,49.12,97.71,49.89,14.68,342.3,49.57,29.6,23.09,727.7,97.62,-0.47,10.1,321.4,33.23,98.75,3.3,Partly Cloudy
12-05-2026 09:32,40.75,97.68,50.02,14.43,315.4,46.01,30.45,23.43,761.4,97.45,-0.87,10.08,322,34.15,98.77,1.7,Sunny
12-05-2026 09:32,49.64,97.64,50.15,15.58,261.9,49.87,28.88,23.84,792.3,97.49,-0.76,10.09,316.9,33.67,98.81,6.7,Sunny
12-05-2026 09:33,55.39,97.6,49.88,16.5,315.1,50.38,29.83,24.31,821.8,97.5,0.07,10.11,319.3,34.45,98.89,8,Sunny
12-05-2026 09:33,42.57,97.56,49.85,14.64,296.2,47.61,28.54,24.66,751.7,97.65,0.57,10.1,314.9,33.21,98.79,3.7,Cloudy
12-05-2026 09:34,40.55,97.52,50.05,15.27,296.7,48.27,31.26,25,791.7,97.74,0.23,10.07,319.5,33.86,98.79,9.4,Partly Cloudy
12-05-2026 09:34,40.82,97.48,50.11,16.26,296.1,48.14,29.98,25.34,791.9,97.64,0.31,10.05,321.6,34.43,98.83,9.8,Partly Cloudy
12-05-2026 09:35,49.37,97.44,49.88,15.76,275.3,49.75,30.64,25.75,766.7,97.08,0.17,10.06,321.2,33.88,98.8,7.2,Sunny
12-05-2026 09:35,51.92,97.41,49.93,13.93,308.3,51.35,28.77,26.18,701.4,96.93,0.68,10.09,317.3,32.91,98.85,0,Sunny
12-05-2026 09:36,39.77,97.37,49.85,13.39,301.2,47.82,30.56,26.51,650.6,97.1,0.57,10.09,320.3,35.16,98.88,2,Partly Cloudy
12-05-2026 09:36,38.63,97.34,49.94,15.16,284.8,45.11,30.3,26.84,741.5,97.91,0.44,10.07,316.3,35.25,98.85,3,Cloudy
12-05-2026 09:37,47.19,97.3,49.88,15.75,294.2,49.63,30.14,27.23,789.5,97.56,0.88,10.07,326.8,34.33,98.79,11.1,Sunny
12-05-2026 09:37,48.67,97.26,49.87,14.53,277.2,49.33,30.65,27.63,749.4,97.26,-0.08,10.08,319.6,34.33,98.76,2.5,Sunny
12-05-2026 09:38,35.41,97.22,49.8,14.27,288.1,46.54,28.6,27.93,730,96.86,0.02,10.05,318.1,31.69,98.78,3.3,Sunny
12-05-2026 09:38,49,97.19,49.88,14.35,321.8,50.23,30.44,28.34,713.7,96.5,0.94,10.07,318.9,35.43,98.81,8.9,Sunny
12-05-2026 09:39,52.12,97.15,49.72,16.03,307.3,49.48,27.65,28.77,772.7,96.6,-0.63,10.09,316.1,31.16,98.8,3,Partly Cloudy
12-05-2026 09:39,33.51,97.11,49.93,13.43,339.8,46.53,27.94,29.05,691.4,96.74,0.19,10.06,320.9,31.31,98.78,4.3,Partly Cloudy
12-05-2026 09:40,54.56,97.08,50,11.55,261.8,51.42,29.78,29.51,578.9,97.04,0.65,10.12,318.8,34.61,98.83,5.1,Sunny
12-05-2026 09:40,46.92,97.05,49.91,14.55,340.2,50.04,30.21,29.9,702.6,96.93,0.07,10.13,325.2,33.07,98.78,1.7,Sunny
12-05-2026 09:41,45.3,97.01,49.85,17.21,317.6,47.38,30.32,30.27,864.2,97.15,0.58,10.11,324.9,33.81,98.79,7.8,Sunny
12-05-2026 09:41,42.83,96.97,49.97,13.28,329,48.34,31.35,30.63,684.2,96.94,0.15,10.12,321.3,34.93,98.79,0.9,Sunny
12-05-2026 09:42,33.77,96.94,49.98,11.29,281.6,44.88,29.31,30.91,566.6,96.74,0.08,10.11,320.7,33.58,98.76,5.9,Sunny
12-05-2026 09:42,32.99,96.92,49.8,11.67,283.6,46.77,30.06,31.19,549.6,97.2,1.18,10.11,329.5,35.44,98.85,10.6,Sunny
12-05-2026 09:43,44.78,96.88,49.93,13.03,282,47.79,30.76,31.56,656.2,97.08,-0.51,10.13,320.8,34.32,98.79,9.8,Sunny
12-05-2026 09:43,43.83,96.85,49.87,14.55,316.1,48.41,28.9,31.93,756.5,96.55,0.2,10.12,319.7,32.3,98.7,4.5,Partly Cloudy
12-05-2026 09:44,43.44,96.81,49.98,14.36,286.2,47.72,29.03,32.29,741.7,96.4,0.2,10.12,319.3,33.37,98.81,6.1,Sunny
12-05-2026 09:44,47.4,96.77,50.01,15.39,308.2,49.26,30.92,32.68,737.4,97.27,0.67,10.12,318.2,35.07,98.82,0,Partly Cloudy
12-05-2026 09:45,45.12,96.73,49.86,16.35,313.1,48.09,29.3,33.06,803.1,97.29,0.44,10.11,318.5,33.26,98.83,6.6,Sunny
12-05-2026 09:45,31.3,96.7,49.97,13.45,312.2,44.51,30.6,33.32,687.7,97.15,0.43,10.09,318,33.97,98.86,5.2,Sunny
12-05-2026 09:46,30.14,96.67,49.85,10.99,312,44.93,30.6,33.57,549,96.29,0.55,10.08,321.2,35.56,98.86,5,Sunny
12-05-2026 09:46,45.73,96.64,49.73,13.69,327.4,47.81,29.91,33.95,670.7,96.25,0.18,10.09,327.6,32.87,98.87,2.1,Sunny
12-05-2026 09:47,50.49,96.59,49.85,17.53,302.6,50.84,28.15,34.37,845.4,96.63,-0.34,10.09,318.6,32.27,98.8,6.3,Sunny
12-05-2026 09:47,39.6,96.56,49.84,14.85,336.4,47.79,30.34,34.7,699.1,96.59,-0.17,10.08,323.1,32.6,98.81,1.8,Sunny
12-05-2026 09:48,47.15,96.53,50.07,12.61,289.8,47.57,29.79,35.1,620.1,96.32,0.66,10.11,326,34.81,98.76,3.5,Sunny
12-05-2026 09:48,53.25,96.49,49.95,15.97,345.4,52.07,28.64,35.54,816.1,97.05,-0.05,10.12,315.8,31.98,98.86,0,Sunny
12-05-2026 09:49,47.5,96.45,49.86,13.79,344.1,49.14,29.27,35.94,657.2,96.59,0.02,10.13,313.5,32.32,98.86,1,Sunny
12-05-2026 09:49,46.71,96.42,49.77,14.42,328.5,49.17,30.92,36.32,693.6,96.38,-0.49,10.14,318,34.2,98.73,3.1,Sunny
12-05-2026 09:50,37.17,96.38,49.97,14.54,284.2,44.89,30.78,36.63,734.6,96.42,-0.46,10.13,328.8,34.36,98.83,0,Sunny
12-05-2026 09:50,33.01,96.35,49.77,14.31,334.6,45.78,30.41,36.91,716.7,96.78,-0.52,10.1,325.3,32.87,98.74,7,Partly Cloudy
12-05-2026 09:51,59.19,96.31,49.88,14.89,331.2,52.52,31,37.4,713.1,96.32,0.13,10.14,325.6,35.38,98.81,4.1,Partly Cloudy
12-05-2026 09:51,55.06,96.28,49.75,13.86,309.6,52.21,28.03,37.86,689.7,95.56,0.07,10.17,315.5,31.46,98.92,2.5,Partly Cloudy
12-05-2026 09:52,30.95,96.25,49.94,11.25,311.2,42.98,27.32,38.12,581.8,96.28,0.82,10.16,320.7,31.07,98.83,5.6,Sunny
12-05-2026 09:52,41.3,96.21,50.07,15.09,365.5,48.58,31.01,38.46,806.2,95.97,0.11,10.14,317.8,34.34,98.8,6.3,Partly Cloudy
12-05-2026 09:53,36.26,96.17,50.01,14.13,312,44.15,30.22,38.77,701.3,96.27,0.49,10.13,320.1,34.12,98.83,8.3,Sunny
12-05-2026 09:53,39.99,96.14,49.87,12.08,313.9,48.15,29.06,39.1,620.6,96.16,0.05,10.13,314.7,32.9,98.82,3.1,Partly Cloudy
12-05-2026 09:54,40.28,96.1,50.13,14.75,310.9,47.3,30.69,39.44,734.2,95.93,-0.74,10.12,320.3,35.37,98.75,2,Sunny
12-05-2026 09:54,31.91,96.07,49.89,13.03,316.9,47.54,30.6,39.7,655.8,95.63,-0.61,10.11,317.2,34.65,98.76,0,Sunny
12-05-2026 09:55,26.42,96.04,49.87,11.13,336.6,43.05,31.19,39.92,590.6,95.89,-0.46,10.09,320.7,35.08,98.83,0,Sunny
12-05-2026 09:55,47.39,96.01,49.82,13.41,313.9,48.25,29.17,40.32,639.7,96.24,-0.25,10.1,320.3,32.75,98.78,5.4,Sunny
12-05-2026 09:56,43.85,95.97,49.79,14.23,355.3,49.11,29.68,40.68,713.9,95.1,0.13,10.11,317.8,31.81,98.82,3.7,Sunny
12-05-2026 09:56,42.15,95.94,49.86,12.78,335.1,49.33,30.54,41.03,665.2,96.22,0.43,10.11,322.4,36.07,98.87,3.1,Sunny
12-05-2026 09:57,45.88,95.9,49.87,15.5,319.3,47.16,30.32,41.42,785.6,95.54,-0.58,10.11,321.5,37.31,98.81,3.6,Sunny
12-05-2026 09:57,38.83,95.87,49.85,14.41,336.9,46.08,29.69,41.74,647.8,95.35,-0.36,10.1,314.8,33.9,98.83,4.9,Partly Cloudy
12-05-2026 09:58,36.3,95.83,49.95,14.99,334,45.16,32.93,42.04,758.7,95.9,-0.12,10.09,323.8,36.2,98.68,2.3,Sunny
12-05-2026 09:58,43.88,95.8,49.76,14.15,299.3,47.45,31.64,42.41,695.6,95.42,-0.2,10.09,317,35.28,98.8,4.8,Partly Cloudy
12-05-2026 09:59,36.21,95.76,49.78,14.53,352.6,45.97,28.36,42.71,702.7,96.26,-0.37,10.08,323.8,32.66,98.73,6.7,Sunny
12-05-2026 09:59,32.94,95.73,49.77,14.02,354.8,44.68,29.17,42.98,678.8,96.13,0.79,10.06,319.6,32.43,98.89,3.1,Sunny
12-05-2026 10:00,39.84,95.7,49.83,11.37,336.5,47.79,29.79,43.32,522.3,95.7,-0.04,10.08,321.6,34.04,98.81,5,Sunny
12-05-2026 10:00,34.32,95.66,50.03,14.72,346.8,44.74,28.81,43.6,764.8,95.76,-0.55,10.05,320.3,32.27,98.74,8.7,Partly Cloudy
12-05-2026 10:01,33.51,95.63,49.99,13.1,336,46.41,30.56,43.88,641.2,95.92,-0.56,10.04,322.3,34.38,98.85,2.4,Sunny
12-05-2026 10:01,40.36,95.6,49.83,14.83,388.8,46.92,32.51,44.22,707,95.3,0.07,10.04,316.1,36.92,98.75,1.9,Sunny
12-05-2026 10:02,30.21,95.57,49.76,11.82,292.9,43.42,32.14,44.47,559.4,95.44,0.31,10.03,320.7,36.41,98.77,3.8,Cloudy
12-05-2026 10:02,46.44,95.53,49.8,15.88,382.2,51.8,28.03,44.86,791.8,95.99,-0.23,10.03,320.8,31.52,98.8,2.4,Cloudy
12-05-2026 10:03,35.63,95.5,49.78,13.59,333.4,47.02,29.6,45.15,626.2,94.96,-0.07,10.03,314.7,33.35,98.75,3.8,Sunny
12-05-2026 10:03,31.58,95.46,49.77,13.32,350,45.68,29.32,45.42,674.1,95.64,0.02,10.01,324.9,32.88,98.74,2.6,Sunny
12-05-2026 10:04,38.79,95.43,49.77,12.61,345.3,44.74,30.31,45.74,625.8,95.73,0.13,10.01,320,33.7,98.84,3,Sunny
12-05-2026 10:04,50.37,95.4,49.97,14.32,308.2,49.27,30.33,46.16,729,95.51,0.32,10.02,325.8,33.24,98.86,7.4,Sunny
12-05-2026 10:05,27.47,95.37,49.87,12.2,339.3,42.92,29.71,46.39,600.5,95.15,0.17,10.01,324,34.97,98.77,0.7,Cloudy
12-05-2026 10:05,34.92,95.33,49.64,13.56,346.6,46.09,30.59,46.68,670.4,95.53,-0.32,10,328.3,34.86,98.79,1.1,Sunny
12-05-2026 10:06,30.93,95.3,49.66,13.78,328.1,43.1,30.37,46.94,695.9,95.83,0.13,9.98,320.4,34.18,98.8,3.8,Sunny
12-05-2026 10:06,31.66,95.26,49.83,13.03,342.7,44,29.43,47.2,646.9,95.25,0.88,9.97,325.1,33.49,98.74,0.4,Partly Cloudy
12-05-2026 10:07,24.74,95.24,49.83,11.46,310.3,43.44,28.94,47.41,595,95.03,0.24,9.95,323.3,34.01,98.79,1.6,Sunny
12-05-2026 10:07,41.5,95.2,49.92,14.24,355.8,47.95,30.75,47.75,672,94.69,-0.18,9.95,318.3,34.18,98.85,12,Sunny
12-05-2026 10:08,31.08,95.17,50.01,13.53,301.2,44.05,29.76,48.01,692.9,94.56,0.22,9.93,323.1,33.46,98.81,4.4,Sunny
12-05-2026 10:08,34.31,95.13,49.7,15.11,352.2,44.32,28.67,48.3,761.4,94.95,0.51,9.91,315.7,32.45,98.78,0.1,Sunny
12-05-2026 10:09,24.18,95.1,50.16,12.35,340.7,42.55,29.55,48.5,621.3,95.26,-0.11,9.89,317.3,34.19,98.85,0,Sunny
12-05-2026 10:09,34.65,95.07,49.95,12.64,323.5,45.79,28.71,48.79,642.4,95.25,-0.22,9.89,319.2,32.14,98.79,2,Sunny
12-05-2026 10:10,40.73,95.04,50.15,12.56,350.1,46.27,28.78,49.13,611.7,95.16,-0.43,9.89,318.2,33.43,98.85,3.2,Sunny
12-05-2026 10:10,44.96,95,49.94,14.6,371.9,48.41,29.14,49.5,727.7,95.1,-0.13,9.9,324.5,32.9,98.75,12.1,Partly Cloudy
12-05-2026 10:11,31.24,94.97,50.03,14.07,322.6,45.22,30.2,49.76,669.1,95.26,1.18,9.88,320.4,34.11,98.72,1.4,Sunny
12-05-2026 10:11,27.7,94.93,49.74,13.73,335.6,43.65,28.2,49.99,701.6,94.37,-0.34,9.86,315,32.56,98.86,0,Sunny
12-05-2026 10:12,34.52,94.9,49.82,13.88,367.9,45.28,31.98,50.28,686,95.05,-0.4,9.85,322.1,35.74,98.85,7.9,Sunny
12-05-2026 10:12,47.53,94.86,50.02,14.47,338.8,47.74,30,50.68,705.9,94.52,-0.15,9.86,325.8,33.12,98.81,4.1,Partly Cloudy
12-05-2026 10:13,33.76,94.83,49.76,13.53,345,43.22,28.37,50.96,644.5,95.29,-0.83,9.85,315,32.34,98.81,4.7,Cloudy
12-05-2026 10:13,36.08,94.8,49.78,12.87,351.5,46.98,30.86,51.26,576.2,94.56,0.52,9.86,314,35.91,98.83,1.9,Sunny
12-05-2026 10:14,23.94,94.77,49.86,12.97,342.1,44.37,28.95,51.46,632,94.74,0.53,9.84,314.5,32.82,98.8,4.3,Sunny
12-05-2026 10:14,32.86,94.73,49.8,14.08,311.7,44.78,29.96,51.73,708.2,94.77,-0.63,9.82,325.6,34.79,98.83,6.2,Partly Cloudy
12-05-2026 10:15,33.44,94.69,49.93,15.48,332.4,43.72,30.31,52.01,812.7,94.77,0.19,9.8,322,33.2,98.71,0,Sunny
12-05-2026 10:15,32.51,94.66,49.74,13.92,363.9,44.38,31.79,52.28,721.7,94.87,-0.27,9.78,326.8,36.34,98.77,4.7,Partly Cloudy
12-05-2026 10:16,44.11,94.62,49.92,15.19,336.6,49.54,30.27,52.65,779.2,94.78,-0.21,9.78,329.9,34.26,98.82,1.8,Sunny
12-05-2026 10:16,20.23,94.59,50.07,12.19,340.6,42.02,29.25,52.82,628.6,94.53,-1.18,9.75,315.1,32.25,98.69,4.9,Partly Cloudy
12-05-2026 10:17,37.09,94.55,49.86,13.99,332.8,46.64,28.51,53.13,723.7,94.06,0.57,9.75,323.4,33.15,98.83,2,Sunny
12-05-2026 10:17,39.23,94.51,49.79,15.67,316.1,45.68,29.98,53.45,727.6,95.31,-0.48,9.74,322.3,34.32,98.75,1.3,Sunny
12-05-2026 10:18,42.13,94.48,49.94,14.28,328.7,45.63,30.57,53.8,716.9,94.69,-0.22,9.74,323.7,34.7,98.87,3.2,Cloudy
12-05-2026 10:18,21.03,94.45,49.65,11.96,327.6,40.64,29.75,53.98,579.5,94.34,0.48,9.72,322.7,33.44,98.77,1.5,Sunny
12-05-2026 10:19,28.28,94.42,50.06,12.18,328,42.7,29.16,54.21,617.5,94.43,0.81,9.71,322.7,33.1,98.73,0,Sunny
12-05-2026 10:19,32.94,94.38,49.68,13.08,327.5,44.63,26.16,54.49,683.2,94.74,-0.02,9.7,316.7,30.36,98.81,1.9,Partly Cloudy
12-05-2026 10:20,33.44,94.35,49.74,14.52,380.4,42.98,31.72,54.77,733.2,94.26,-1.22,9.69,318.5,36.58,98.8,9,Sunny
12-05-2026 10:20,35.35,94.31,49.94,13.57,331.5,46,30.15,55.06,680.4,93.97,0.18,9.68,325.3,34.7,98.88,6.7,Partly Cloudy
12-05-2026 10:21,42,94.27,49.93,16.09,363.8,47.1,27.44,55.41,817,94.36,0.33,9.67,314.3,32.09,98.81,8.6,Partly Cloudy
12-05-2026 10:21,40.16,94.24,49.8,14.1,327.1,46.73,29.17,55.75,695.6,94.06,0.63,9.67,318,32.21,98.76,1.5,Sunny
12-05-2026 10:22,26.81,94.21,49.69,12.74,351.5,42.8,29.53,55.97,608.4,94.71,0.25,9.66,313.5,33.94,98.85,6.3,Cloudy
12-05-2026 10:22,26.85,94.17,49.83,15.22,346.4,42.53,28.88,56.19,748.9,94.47,-0.22,9.64,313.8,32,98.77,5.2,Sunny
12-05-2026 10:23,20.88,94.13,49.78,13.96,348.1,42.42,31.62,56.37,729.8,94.05,0.03,9.61,318.8,35.86,98.89,1.4,Sunny
12-05-2026 10:23,27.12,94.1,49.62,11.42,330.7,43.26,30.91,56.59,577.5,94.36,-0.22,9.6,320.1,34.89,98.78,0,Partly Cloudy
12-05-2026 10:24,30.36,94.07,49.63,12.06,376.9,45.39,31,56.85,593,93.93,-0.08,9.59,318.3,35.59,98.87,0.5,Sunny
12-05-2026 10:24,33.58,94.04,49.79,13.92,366.2,47.26,29.14,57.13,672.8,93.8,0.52,9.59,318.9,33.79,98.85,4,Sunny
12-05-2026 10:25,34.51,94.01,49.69,13.74,304.5,45.42,31.6,57.42,629.6,94.23,0.55,9.58,324.8,35.36,98.84,0,Sunny
12-05-2026 10:25,36.75,93.97,49.86,15.95,355.3,44.73,29.25,57.72,760,93.97,-0.73,9.57,322.7,32.2,98.69,4.3,Cloudy
12-05-2026 10:26,38.35,93.94,49.73,12.6,345.7,47.43,29.9,58.04,633.6,94.11,0,9.58,322.6,33.58,98.82,8.5,Sunny
12-05-2026 10:26,43.58,93.91,50,12.6,323.9,49.12,30.29,58.4,622.2,93.75,-0.54,9.59,316.7,34.32,98.82,6.7,Sunny
12-05-2026 10:27,36.44,93.87,49.95,15.65,331.7,44.91,28.48,58.71,801.5,94.07,0.61,9.57,319,32.34,98.78,6.1,Cloudy
12-05-2026 10:27,34.14,93.83,49.88,13.56,296.3,43.58,29.61,58.99,700.4,94.09,0.21,9.57,319.2,34.37,98.89,4.8,Sunny
12-05-2026 10:28,26.52,93.81,49.93,11.9,319.9,44.17,29.73,59.21,546.1,94.1,0.2,9.56,325.9,35.67,98.81,6.4,Sunny
12-05-2026 10:28,38.63,93.77,49.76,14.58,322.7,45.27,30.39,59.54,691.6,93.88,0.26,9.56,322.5,33.51,98.83,3.9,Partly Cloudy
12-05-2026 10:29,22.46,93.74,50.02,11.9,342.5,41.45,28.66,59.72,642.4,93.39,0.25,9.54,318.8,33.01,98.74,7.7,Sunny
12-05-2026 10:29,46.95,93.7,49.6,15.02,339.2,48.92,29.47,60.11,735.9,93.73,-0.01,9.54,313.3,32.68,98.7,6.9,Sunny
12-05-2026 10:30,41.16,93.67,49.77,14.82,322.5,47.16,29.28,60.46,724.2,93.8,1.4,9.54,316.1,33.59,98.8,3.6,Partly Cloudy
12-05-2026 10:30,46.96,93.63,49.67,13.29,318.2,48.54,30.29,60.85,654.9,93.66,-0.71,9.56,320.4,34.39,98.76,6.8,Partly Cloudy
12-05-2026 10:31,45.99,93.59,49.87,16.6,344.5,50.49,30.6,61.23,815.7,93.74,0.68,9.56,321.2,35.64,98.76,0.6,Sunny
12-05-2026 10:31,26.85,93.56,49.73,14.22,288.5,43.55,31.39,61.46,717.5,93.85,-0.36,9.54,313.2,36.27,98.8,8.1,Cloudy
12-05-2026 10:32,40.06,93.52,49.83,15.05,331.8,47.21,30.18,61.79,772.3,93.52,0.54,9.53,324.5,35.3,98.84,3.9,Sunny
12-05-2026 10:32,38.28,93.48,49.91,14.32,343.5,45.82,30.13,62.11,675.7,93.46,-0.19,9.53,321.5,34.13,98.9,8.9,Sunny
12-05-2026 10:33,44.88,93.45,49.92,15.26,342.6,47.96,29.97,62.48,777.7,93.55,0.15,9.53,321.8,33.27,98.82,4.5,Sunny
12-05-2026 10:33,38.69,93.41,49.78,13.99,300.3,48.33,30.27,62.8,699.3,93.28,-0.45,9.53,319.1,34.01,98.81,2.5,Partly Cloudy
12-05-2026 10:34,50.84,93.37,49.53,15.38,326.2,50.64,29.02,63.23,809.3,93.54,0.13,9.54,317.1,33.01,98.77,2.8,Partly Cloudy
12-05-2026 10:34,39.17,93.34,49.87,14.32,302.1,46.1,29.77,63.55,693.6,93.74,-0.45,9.54,320.1,34.46,98.84,1.9,Sunny
12-05-2026 10:35,33.24,93.31,49.74,11.79,321.4,44.21,31.15,63.83,570.7,92.91,-0.12,9.54,320.7,35.08,98.72,6.1,Sunny
12-05-2026 10:35,41.35,93.27,49.77,15.5,361.6,46.44,30.5,64.18,775.1,93.64,-0.4,9.53,326,34.61,98.86,2.6,Sunny
12-05-2026 10:36,33.77,93.23,49.55,13.66,300.8,45.24,30.57,64.46,675.9,93.29,1.02,9.53,317.4,34.56,98.72,0,Sunny
12-05-2026 10:36,32.55,93.2,49.98,12.81,331.3,45.55,29.38,64.73,662.6,93.14,0.76,9.52,330.6,33.24,98.77,3.9,Sunny
12-05-2026 10:37,37.36,93.17,49.64,13.49,338.9,45.01,30.33,65.04,662.1,93.27,0.75,9.52,324.2,33.86,98.75,0,Partly Cloudy
12-05-2026 10:37,39.8,93.13,50.02,15.82,300.4,45.74,30.55,65.37,828.4,92.64,-1.03,9.51,325.3,33.03,98.79,2.7,Partly Cloudy
12-05-2026 10:38,40.91,93.1,49.72,12.62,288.7,47.56,29.48,65.71,610.9,94.12,-0.69,9.52,319.1,34.01,98.8,8.2,Sunny
12-05-2026 10:38,29.65,93.07,50.01,11.86,323.3,42.75,31.53,65.96,556.8,92.99,0.2,9.52,319,35.59,98.81,9.9,Sunny
12-05-2026 10:39,50.49,93.03,49.89,15.08,297.7,49.36,30.98,66.38,742.1,92.9,-0.19,9.52,317.6,34.26,98.85,2.2,Partly Cloudy
12-05-2026 10:39,28.65,93,49.71,14.44,314.4,43.99,28.76,66.62,693.5,93.29,-0.3,9.51,320.1,33.57,98.78,5.7,Sunny
12-05-2026 10:40,35.78,92.96,49.95,13.7,312.7,44.96,31.17,66.92,714.9,92.62,-0.32,9.51,319,34.52,98.83,6,Sunny
12-05-2026 10:40,45.85,92.93,49.82,13.86,298,50.85,30.43,67.3,654.4,93.43,0.08,9.52,325.1,34.24,98.88,4.8,Sunny
12-05-2026 10:41,49.13,92.89,49.84,14.14,309.6,48.48,31.63,67.71,715.7,92.99,-0.33,9.53,323.2,34.92,98.71,0.1,Partly Cloudy
12-05-2026 10:41,37.83,92.86,49.73,14.17,297.2,45.68,30.92,68.02,686,92.92,-0.32,9.52,319.9,34.81,98.81,6.9,Sunny
12-05-2026 10:42,37.8,92.82,49.86,13.02,299.7,48.94,31.29,68.34,652.8,92.28,0.1,9.52,321.4,36.16,98.78,2.1,Partly Cloudy
12-05-2026 10:42,47.65,92.79,49.63,15.71,266.7,50.62,28.79,68.74,775,92.75,0.21,9.53,317.2,33.32,98.9,3.5,Sunny
12-05-2026 10:43,37.71,92.75,49.65,13.48,268.3,46.04,29.95,69.05,677.5,92.75,0.47,9.53,317.5,34.81,98.79,3.2,Sunny
12-05-2026 10:43,47.16,92.72,49.91,15.13,301.4,48.61,29.91,69.44,736.6,92.95,0,9.53,322.1,33.28,98.83,0,Sunny
12-05-2026 10:44,30.8,92.68,49.72,12.98,307.3,44.42,27.44,69.7,657,92.58,1.06,9.53,323,30.84,98.82,0,Sunny
12-05-2026 10:44,34.19,92.64,49.98,16.3,292.4,44.82,30.41,69.98,877.5,92.75,0.91,9.51,316.9,34.01,98.71,9.6,Sunny
12-05-2026 10:45,36.15,92.6,49.81,13.74,298.9,46.17,29.21,70.29,675.6,92.41,-0.82,9.5,319.7,33.87,98.93,0,Sunny
12-05-2026 10:45,34.78,92.57,49.72,13.13,301.6,46.18,29,70.58,672.5,92.73,-0.01,9.5,318.2,32.32,98.74,10.4,Partly Cloudy
12-05-2026 10:46,40.62,92.54,49.85,13.17,289.7,45.88,29.49,70.91,635.7,92.35,-0.03,9.51,311.8,34.09,98.76,6,Cloudy
12-05-2026 10:46,48.35,92.5,49.57,14.63,282.7,47.9,30.5,71.32,703.3,92.95,-0.07,9.51,324.9,34.63,98.79,3.8,Sunny
12-05-2026 10:47,30.91,92.47,49.79,12.25,316.6,44.85,30.13,71.58,605.3,92.94,-0.33,9.51,315.1,35.2,98.92,2.1,Cloudy
12-05-2026 10:47,32.66,92.45,49.85,11.6,291.9,45.56,27.8,71.85,557.2,92.88,-0.64,9.51,315.8,32.84,98.82,9,Partly Cloudy
12-05-2026 10:48,44.25,92.41,49.59,14.19,305.6,48.02,29.65,72.22,689.3,92.06,0.04,9.52,325,33.24,98.75,1.4,Sunny
12-05-2026 10:48,40.74,92.37,49.77,15.23,278.9,49.02,30.51,72.56,746.4,92.51,-0.72,9.51,320.6,35.63,98.8,5.2,Sunny
12-05-2026 10:49,35.11,92.34,49.77,13.63,276.4,46.25,29.58,72.85,702.9,92.78,0.38,9.51,319,33.64,98.72,8.9,Partly Cloudy
12-05-2026 10:49,35.69,92.31,49.76,13.88,251.8,47.49,29.44,73.15,665.3,92.09,0.51,9.51,320.9,33.67,98.78,10.4,Sunny
12-05-2026 10:50,41.19,92.27,49.69,14.48,252.1,47.34,26.95,73.49,738.8,92.26,-0.18,9.51,320.4,30.22,98.77,6.3,Sunny
12-05-2026 10:50,38.32,92.24,49.86,12.84,261.8,46.75,29.31,73.81,606.8,92.45,0.32,9.51,319.3,33.04,98.83,3.7,Sunny
12-05-2026 10:51,39.13,92.21,49.87,13.09,289.3,46.31,29.47,74.13,649.9,92.45,-0.02,9.51,317.2,34.15,98.78,6.7,Sunny
12-05-2026 10:51,35.68,92.17,49.81,14.05,310.1,46.38,30.3,74.43,743.1,92.26,-0.01,9.5,323.1,33.38,98.77,0.9,Partly Cloudy
12-05-2026 10:52,52.69,92.13,49.63,15.64,265.8,51.28,29.18,74.87,800.4,91.32,-0.71,9.51,317.1,33.5,98.75,1.8,Partly Cloudy
12-05-2026 10:52,44.92,92.1,49.6,13.33,290.8,50.48,29.1,75.24,650.7,91.54,-0.24,9.52,317.7,33.85,98.77,4.5,Cloudy
12-05-2026 10:53,34.2,92.06,49.64,13.13,279.7,45.32,31.03,75.53,658.5,92.2,-0.1,9.52,317.4,35.02,98.68,4.7,Sunny
12-05-2026 10:53,49.31,92.03,49.64,13.27,302,50.34,31.54,75.94,688.6,92.62,0.01,9.53,317.4,35.48,98.85,1.3,Partly Cloudy
12-05-2026 10:54,48.25,91.99,49.74,16.72,290.5,50.33,29.4,76.34,810.7,92.17,-0.03,9.53,320.2,33.84,98.89,3.7,Partly Cloudy
12-05-2026 10:54,32.41,91.95,49.8,13.82,303.5,44.13,29.39,76.61,674.9,91.77,-0.31,9.52,315.4,34.41,98.8,5.6,Sunny
12-05-2026 10:55,42.1,91.92,49.91,13.22,262,47.5,29.38,76.96,617.4,92.16,-0.56,9.53,316,32.56,98.71,7.3,Sunny
12-05-2026 10:55,39.28,91.89,49.65,13.41,317.7,46.81,30.91,77.29,646.1,91.44,-1.36,9.53,324.3,35.14,98.76,9.5,Sunny
12-05-2026 10:56,38.15,91.85,49.96,14.66,264.8,46.33,29.8,77.61,778,92.34,0.75,9.53,316.8,33.27,98.79,9.2,Partly Cloudy
12-05-2026 10:56,39.46,91.82,49.78,13.92,250.3,47.24,29.57,77.94,692.2,91.31,-0.17,9.53,312.1,34.54,98.77,9.2,Sunny
12-05-2026 10:57,33.09,91.79,49.74,12.77,272.4,44.33,31.28,78.21,581.2,91.65,-0.21,9.53,321.5,36.21,98.79,4.5,Sunny
12-05-2026 10:57,29.73,91.75,49.65,14.28,271.2,43.08,30.78,78.46,689.6,91.7,0.5,9.52,317.3,35.75,98.88,3.3,Cloudy
12-05-2026 10:58,37.15,91.72,49.84,15.05,234.6,47.76,31,78.77,770.2,91.77,0.74,9.51,318.9,34.21,98.79,2.7,Sunny
12-05-2026 10:58,45.02,91.68,49.76,14.97,283.6,46.77,31.38,79.15,745.3,91.84,0.56,9.51,323.4,35.3,98.8,4.6,Sunny
12-05-2026 10:59,28.07,91.65,49.73,12.42,288.6,41.99,28.47,79.38,648.2,91.64,0.12,9.5,325.3,32.22,98.81,3,Sunny
12-05-2026 10:59,49.76,91.61,49.75,16.48,247.8,47.84,30.17,79.79,823.6,91.44,0.1,9.51,316.5,33.04,98.81,5.6,Partly Cloudy
12-05-2026 11:00,46.79,91.57,49.53,13.8,255.5,50.91,30.72,80.18,711.2,91.95,-0.2,9.51,306.3,34.1,98.83,2.7,Partly Cloudy
12-05-2026 11:00,52.24,91.53,49.7,15.19,274.2,51.02,30.73,80.62,753.1,91.69,-0.69,9.52,321,34.51,98.81,6.6,Partly Cloudy
12-05-2026 11:01,45.1,91.5,49.75,12.09,256.4,47.94,30.13,81,622.1,91.69,-0.79,9.53,319.9,33.92,98.82,4.2,Sunny
12-05-2026 11:01,58.17,91.46,49.57,15.18,300.7,52.4,27.11,81.48,757.8,91.53,0.23,9.54,323.9,29.51,98.69,2.9,Partly Cloudy
12-05-2026 11:02,48.39,91.43,49.91,12.79,277.4,50.31,28.72,81.88,612.6,91.62,-0.88,9.56,322.3,33.12,98.86,3.7,Sunny
12-05-2026 11:02,45.99,91.4,49.84,13.29,264.1,48.3,28.9,82.27,664.1,91.06,-0.55,9.57,323.8,33.45,98.77,3,Sunny
12-05-2026 11:03,44,91.36,49.69,14.9,222.3,49.89,30.1,82.63,710.6,91.47,-0.55,9.57,317.3,32.74,98.71,0,Partly Cloudy
12-05-2026 11:03,37.11,91.33,49.73,13.29,267.2,45.49,30.34,82.94,637.2,91.72,0.88,9.57,320.6,34.19,98.76,9.2,Sunny
12-05-2026 11:04,57.3,91.29,49.57,15.69,245.7,52.6,30.94,83.42,811.4,91.72,0.28,9.58,315.8,34.86,98.85,1.8,Sunny
12-05-2026 11:04,44.66,91.25,49.78,15.37,245,48.78,29.32,83.79,768.2,91.23,-0.29,9.58,318.8,33.82,98.82,5.6,Sunny
12-05-2026 11:05,39.21,91.22,49.84,13.64,257.4,45.42,30.32,84.12,708.4,91.36,-0.1,9.58,318.7,34.36,98.86,3.5,Sunny
12-05-2026 11:05,41.41,91.18,49.56,13.7,269.7,48.8,29.97,84.46,686.6,91.61,0.43,9.58,316.7,34.08,98.81,3.6,Sunny
12-05-2026 11:06,45.18,91.15,49.86,15.19,278,46.6,32.02,84.84,740.8,91.13,0.14,9.58,325.8,37.99,98.82,8,Partly Cloudy
12-05-2026 11:06,52.14,91.11,49.89,12.81,273.9,50.58,30.68,85.28,654.4,90.69,0.18,9.6,318.9,34.06,98.77,5.7,Partly Cloudy
12-05-2026 11:07,49.33,91.08,49.59,16.14,230.2,50.65,28.99,85.69,764.9,91.12,-1.13,9.6,325,32.05,98.78,3.8,Partly Cloudy
12-05-2026 11:07,58.75,91.03,49.4,16.75,254.6,52.05,30.02,86.18,840.5,91.3,-0.24,9.61,313.8,34.74,98.84,5.2,Partly Cloudy
12-05-2026 11:08,44.13,91,49.71,13.81,237.2,46.38,30.19,86.54,706.6,91.39,0.26,9.61,321.1,33.43,98.78,2.4,Partly Cloudy
12-05-2026 11:08,49.53,90.97,49.75,12.18,213,49.43,31.06,86.96,598.3,91.4,0.18,9.63,319,34.39,98.8,1.9,Partly Cloudy
12-05-2026 11:09,58.47,90.93,49.68,16.55,243.5,50.33,29.33,87.44,821.1,91.04,-0.28,9.64,324.6,33.43,98.78,0.9,Partly Cloudy
12-05-2026 11:09,44.75,90.89,49.85,15.72,233.2,48.76,27.98,87.82,807.7,91.21,0.33,9.64,316.1,32.27,98.84,2.3,Sunny
12-05-2026 11:10,38.03,90.85,49.85,13.74,223,46.71,29.03,88.13,676.6,90.16,-0.07,9.63,321.9,32.54,98.72,5.4,Sunny
12-05-2026 11:10,43.84,90.82,49.74,14,241.7,47.2,29.49,88.5,667.7,91.53,0.12,9.64,318.7,33.67,98.84,1.6,Partly Cloudy
12-05-2026 11:11,41.76,90.79,49.69,13.67,228.7,47.17,30.34,88.85,668.7,90.4,-0.47,9.64,321.5,34.96,98.8,0,Partly Cloudy
12-05-2026 11:11,34.48,90.75,49.74,13.28,191.9,45.17,31.89,89.13,652.8,90.79,-0.67,9.64,323.9,35.16,98.76,0,Sunny
12-05-2026 11:12,40.44,90.72,49.72,12.58,249,47.48,30.9,89.47,647.5,90.41,-0.09,9.64,322.7,35.3,98.75,11,Sunny
12-05-2026 11:12,46.44,90.68,49.58,16.97,222.8,48.93,32.11,89.86,862.6,90.77,0.08,9.64,322.4,35.05,98.81,4.8,Sunny
12-05-2026 11:13,48.61,90.64,49.67,13.79,256.9,49.24,31.04,90.26,675.9,90.79,-0.07,9.65,317,36.23,98.87,4.2,Sunny
12-05-2026 11:13,37.88,90.61,49.67,14.55,208.3,46.74,29.18,90.58,712.1,90.29,0.37,9.64,323.2,34.09,98.75,4.3,Partly Cloudy
12-05-2026 11:14,63.95,90.57,49.64,17.49,229.9,55.22,29.43,91.11,860.4,90.4,-0.7,9.66,323,34.13,98.73,3.1,Sunny
12-05-2026 11:14,52.73,90.53,49.66,13.12,212.9,50.04,30.12,91.55,647.1,91.36,1.36,9.67,316.2,33.46,98.93,8,Sunny
12-05-2026 11:15,44.97,90.5,49.72,14.66,211.2,48.44,28.8,91.93,724.5,90.41,0.29,9.67,321.8,34.24,98.87,4,Sunny
12-05-2026 11:15,36.97,90.46,49.79,15.3,210.1,45.99,31.15,92.23,779.9,89.93,0.11,9.67,321.6,35.85,98.84,7.6,Sunny
12-05-2026 11:16,44,90.42,49.61,16.01,224.6,47.65,28.99,92.6,776.9,90.15,-0.68,9.66,319,32.64,98.8,1.2,Sunny
12-05-2026 11:16,39.02,90.38,49.66,15.69,215,47.62,29.7,92.93,766.5,90.44,0.69,9.66,322.1,34.13,98.82,1.1,Sunny
12-05-2026 11:17,46.83,90.34,49.65,14.11,184.9,49.92,28.92,93.32,711.7,90.65,0.27,9.67,316.4,33.8,98.86,0,Sunny
12-05-2026 11:17,41.22,90.31,49.74,13.83,235.2,47.44,28.66,93.66,657.5,90.24,0.61,9.67,319.2,32.92,98.81,3.5,Cloudy
12-05-2026 11:18,30.62,90.28,49.65,13.45,180.8,44.11,29.58,93.92,661.8,90.26,0.58,9.66,316.9,33.73,98.74,7.4,Sunny
12-05-2026 11:18,49.89,90.24,49.77,16.4,186.9,50.05,29.9,94.33,829.9,90.27,0.78,9.66,327.5,33.65,98.79,0.6,Sunny
12-05-2026 11:19,50.51,90.2,49.78,15.09,203.7,49.66,31.75,94.75,736.2,90.08,0.24,9.67,326.5,35.78,98.74,2.2,Sunny
12-05-2026 11:19,35.6,90.17,49.6,14.09,204.2,46.03,30.32,95.05,706.7,90.3,-0.13,9.66,323.2,35.09,98.9,4.6,Sunny
12-05-2026 11:20,43.99,90.13,49.69,14.73,216.6,48.86,30.39,95.41,731.9,90.26,-0.71,9.67,321.8,35.41,98.84,4.6,Partly Cloudy
12-05-2026 11:20,32.47,90.1,49.75,14.06,190.6,43.87,31.26,95.69,671.5,89.68,-0.08,9.66,322,34.74,98.72,2.8,Sunny
12-05-2026 11:21,52.5,90.06,49.63,15.77,190,50.88,31.16,96.12,764.9,90,0.04,9.67,317.7,35.61,98.77,2.6,Cloudy
12-05-2026 11:21,43.52,90.02,49.64,13.74,190.4,48,28.54,96.49,667,90.03,-0.04,9.67,321.8,32.43,98.73,6,Sunny
12-05-2026 11:22,40.36,90,49.76,11.92,228.5,47.51,29.78,96.82,568.7,89.95,0.61,9.68,321.8,33.47,98.87,12,Partly Cloudy
12-05-2026 11:22,41.05,89.96,49.8,15.96,189.3,46.99,30.4,97.16,772.9,90.34,0.88,9.67,322.3,34.54,98.85,6,Sunny
12-05-2026 11:23,30.78,89.92,49.73,14.23,163.7,44.43,29.22,97.42,719.2,89.95,0.6,9.67,334.2,33.59,98.86,2.7,Sunny
12-05-2026 11:23,55.81,89.88,49.63,14.57,180.3,50.21,30.44,97.89,748.6,90.24,-0.14,9.68,322.1,34.8,98.74,6.1,Sunny
12-05-2026 11:24,44.98,89.85,49.72,14.38,174.5,48.63,29.22,98.26,717.5,89.77,0.02,9.68,325,34.97,98.86,3.4,Partly Cloudy
12-05-2026 11:24,47.42,89.81,49.79,13.3,209.7,50.05,31.24,98.66,668.7,89.5,-0.29,9.69,314.2,35.36,98.81,5.4,Sunny
12-05-2026 11:25,42.1,89.78,49.71,13.36,237.2,47.48,29.87,99.01,724.3,89.93,-1.13,9.69,322.4,32.78,98.79,8.1,Sunny
12-05-2026 11:25,42.73,89.73,49.52,18.2,189.2,47.56,28.9,99.36,911.7,89.95,-0.5,9.68,320.5,32.48,98.79,7.4,Sunny
12-05-2026 11:26,43.7,89.7,49.85,12.69,200.5,47.64,29.68,99.73,631.3,89.86,0.34,9.68,319.6,33.2,98.77,6.3,Sunny
12-05-2026 11:26,43.24,89.66,49.59,13.81,154.1,47.69,30.24,100.09,725.3,90.08,-0.18,9.68,315.8,34.95,98.76,3.3,Sunny
12-05-2026 11:27,41.28,89.63,49.49,14.83,199.7,48.53,30.91,100.43,719,89.26,0.61,9.68,319.7,35.64,98.78,0.4,Sunny
12-05-2026 11:27,36.83,89.59,49.49,13.41,193.5,45.46,31.17,100.74,681.1,89.48,0.44,9.68,320,35.67,98.78,3.7,Sunny
12-05-2026 11:28,47.24,89.55,49.95,16.47,193.9,48.78,30.17,101.13,828.8,89.15,0.27,9.68,312.7,35.48,98.85,2.3,Sunny
12-05-2026 11:28,48.49,89.52,49.75,13.71,156.4,50.61,29.29,101.54,685.7,89.58,0.07,9.69,320.8,33.9,98.75,6.6,Sunny
12-05-2026 11:29,28.85,89.49,49.39,11.84,176.1,44.31,27.17,101.78,568.1,89.21,-0.3,9.68,318,31.34,98.72,4.2,Sunny
12-05-2026 11:29,42.75,89.46,49.73,13.72,194.8,45.73,28.73,102.13,647.5,89.71,-0.23,9.69,318.8,32.36,98.85,0,Sunny
12-05-2026 11:30,40.04,89.43,49.7,11.83,140.4,47.62,31.97,102.47,561.3,89.43,0.47,9.69,319.4,35.31,98.87,3.6,Sunny
12-05-2026 11:30,41.7,89.39,49.92,16.67,199.8,48.04,29.37,102.81,846.2,89.62,0.43,9.69,314,32.67,98.73,4.2,Sunny
12-05-2026 11:31,47.37,89.35,49.64,15.46,150.5,50.49,30.23,103.21,772.3,88.91,-0.98,9.69,319.2,33.97,98.9,6.7,Partly Cloudy
12-05-2026 11:31,46.61,89.31,49.69,15.31,116.2,49.13,29.49,103.6,715.1,89.48,0.44,9.69,321.4,31.95,98.74,0,Sunny
12-05-2026 11:32,39.32,89.28,49.66,13.12,186.9,47.31,29,103.92,681.9,89.04,-0.74,9.69,313.5,33.18,98.69,1.9,Sunny
12-05-2026 11:32,46.64,89.24,49.41,14.5,157.2,47.55,29.65,104.31,712.5,89.25,-0.06,9.7,317.5,32.4,98.82,2.2,Sunny
12-05-2026 11:33,36.41,89.2,49.59,16.07,200.7,47.28,29.94,104.62,787.3,89.06,0.17,9.69,324.2,33.56,98.76,2.9,Partly Cloudy
12-05-2026 11:33,49.37,89.17,49.5,14.17,142.9,50.28,30.24,105.03,711.3,89.12,0.27,9.7,317.8,34.95,98.83,2.7,Sunny
12-05-2026 11:34,39.85,89.13,49.63,15.47,147.7,45.04,30.92,105.36,758.8,88.63,-0.08,9.69,325.1,36.31,98.84,2.2,Sunny
12-05-2026 11:34,45.68,89.09,49.82,14.96,156.8,48.78,28.43,105.74,759.8,88.85,0.89,9.69,324.2,31.29,98.85,5.6,Cloudy
12-05-2026 11:35,47.83,89.05,49.64,14.36,165.2,48.39,31.55,106.14,780.4,89.16,-0.24,9.7,325.6,35.26,98.78,2.8,Sunny
12-05-2026 11:35,47.54,89.02,49.6,13.69,142.8,50.43,29.81,106.54,689.5,88.59,0.47,9.7,323.2,33.81,98.84,2.6,Sunny
12-05-2026 11:36,39.74,88.99,49.54,11.03,181.4,46.57,28.79,106.87,615.5,88.93,0.09,9.7,317.9,32.93,98.8,9.9,Cloudy
12-05-2026 11:36,50.14,88.95,49.79,13.32,130.3,51.54,30.51,107.28,669.1,88.99,0.11,9.71,316.1,34.82,98.82,5,Sunny
12-05-2026 11:37,38.8,88.92,49.72,13.37,143.3,46.67,29.81,107.61,651.8,88.68,-0.9,9.71,322.9,34.54,98.77,6.2,Sunny
12-05-2026 11:37,43.79,88.89,49.43,14.25,158.4,47.45,30.82,107.97,676.8,88.58,0.85,9.72,318,36.14,98.79,7.2,Cloudy
12-05-2026 11:38,58.21,88.85,49.69,16.64,156.7,52.84,30.98,108.46,819.4,89.14,0.44,9.72,322.1,34.86,98.83,1,Sunny
12-05-2026 11:38,41.54,88.81,49.62,13.79,130.5,47.08,29.66,108.8,733.2,89.06,-0.29,9.72,325.4,34.68,98.77,7.3,Cloudy
12-05-2026 11:39,47.31,88.78,49.65,12.91,152.7,50.05,31.3,109.2,667.4,88.8,-0.16,9.73,323.4,35.18,98.74,7.6,Sunny
12-05-2026 11:39,39.01,88.74,49.68,13.91,176.2,44.58,30.19,109.52,659,89.13,0.08,9.73,318.7,34.48,98.84,0.7,Cloudy
12-05-2026 11:40,41.31,88.71,49.71,15.31,124.8,49.09,31.12,109.87,704,88.7,0.27,9.73,327.8,36.18,98.8,7.3,Partly Cloudy
12-05-2026 11:40,45.59,88.67,49.65,14.01,139.8,49.34,29.37,110.25,720.6,89.21,0.18,9.73,324.9,32.6,98.77,4.1,Partly Cloudy
12-05-2026 11:41,38.79,88.64,49.69,13.63,200.7,47.02,30.48,110.57,632.1,88.55,0.27,9.73,318.8,32.32,98.67,2.1,Sunny
12-05-2026 11:41,32.22,88.61,49.63,13.23,119.4,44.99,31.35,110.84,645.3,88.91,0.11,9.73,321.4,35.48,98.7,0,Sunny
12-05-2026 11:42,43.74,88.57,49.58,15.16,131.9,48.12,31.24,111.2,728.3,88.36,-0.2,9.73,315.5,35.87,98.81,4.9,Sunny
12-05-2026 11:42,46.5,88.53,49.63,15.5,137,48.44,31.56,111.59,797.2,88.4,0.62,9.73,326.9,36.11,98.75,0,Partly Cloudy
12-05-2026 11:43,48.47,88.5,49.7,14.13,152.9,51.36,28.63,112,700.5,88.68,0.45,9.74,317.4,31.66,98.77,8.3,Sunny
12-05-2026 11:43,53.45,88.46,49.55,15.42,128.4,50.29,31.27,112.44,812.5,88.19,-0.65,9.74,325.2,35.94,98.77,0,Partly Cloudy
12-05-2026 11:44,32.95,88.43,49.56,11.97,139.5,45.09,31.27,112.72,622.3,88.18,0,9.74,321.9,36.1,98.81,4,Partly Cloudy
12-05-2026 11:44,28.33,88.39,49.63,13.21,134.9,43.71,31.33,112.95,623.1,87.89,-0.54,9.73,317.3,34.29,98.76,2.9,Partly Cloudy
12-05-2026 11:45,32.11,88.36,49.5,14.79,155.9,44.2,28.65,113.22,714.1,88.62,0.1,9.73,318.1,31.65,98.85,4.1,Sunny
12-05-2026 11:45,42.72,88.32,49.76,14.43,153.3,48.83,28.83,113.58,726.8,88.24,1.29,9.73,317.1,32.79,98.84,4.6,Partly Cloudy
12-05-2026 11:46,39.54,88.29,49.62,14.38,108.2,45.61,30.43,113.9,666.1,88.53,-0.13,9.73,312.8,34.27,98.8,5.9,Sunny
12-05-2026 11:46,42.5,88.26,49.48,13.16,109.9,48.41,31.8,114.26,686.3,88.21,0.18,9.73,321.6,37.7,98.78,0.6,Sunny
12-05-2026 11:47,31.13,88.23,49.71,11.32,126.6,45.1,30.83,114.52,571.3,87.53,0.43,9.73,315.2,34.6,98.78,0.8,Cloudy
12-05-2026 11:47,32.95,88.19,49.59,13.03,126.1,45.86,30.82,114.79,649.9,88.13,0.25,9.72,315.7,35.21,98.84,10.1,Cloudy
12-05-2026 11:48,42.44,88.16,49.77,13.44,115.3,48.97,29.81,115.15,687.1,88.01,-0.11,9.73,329.7,34.63,98.73,6.1,Cloudy
12-05-2026 11:48,41.08,88.13,49.55,13.42,112,46.89,29.24,115.49,642,88.46,-0.31,9.73,318.1,33.42,98.76,0,Cloudy
12-05-2026 11:49,52.59,88.09,49.7,13.88,65.7,50.26,27.62,115.93,708.2,88.08,-0.17,9.74,321.8,33.2,98.68,10.5,Partly Cloudy
12-05-2026 11:49,45.83,88.05,49.79,15.76,140.4,48.48,29.8,116.31,792.7,87.97,-0.31,9.74,318.7,33.32,98.81,4.4,Partly Cloudy
12-05-2026 11:50,39.1,88.02,49.91,14.1,91.9,47.77,30.46,116.63,677.2,87.89,-0.16,9.73,326.8,34.34,98.84,4.3,Sunny
12-05-2026 11:50,32.02,87.99,49.52,11.74,111.5,46.93,29.99,116.9,621.5,88.31,0.55,9.73,326.4,34.93,98.85,0,Sunny
12-05-2026 11:51,46.47,87.95,49.36,16.09,129.9,49.3,30.29,117.29,795.3,88.04,0.71,9.73,320.7,35.39,98.79,6.1,Cloudy
12-05-2026 11:51,38.99,87.92,49.83,13,94.1,46.42,29.43,117.61,640,87.89,-0.21,9.73,312.4,33.45,98.75,4,Cloudy
12-05-2026 11:52,44.17,87.88,49.48,14.22,96.6,47.04,29.57,117.98,704.6,87.82,0.43,9.74,325.2,34.73,98.79,1.2,Sunny
12-05-2026 11:52,41.39,87.84,49.69,14.14,105.1,45.43,31.91,118.33,739.1,88.2,0.29,9.73,320.3,36.13,98.79,7.7,Sunny
12-05-2026 11:53,30.39,87.81,49.73,12.08,102,42.43,29,118.58,637.5,87.49,-0.05,9.73,319.2,31.12,98.95,6.1,Sunny
12-05-2026 11:53,40.22,87.78,49.5,14.57,112.6,45.74,29.91,118.92,729.7,87.6,0.68,9.73,310,34.08,98.8,6.5,Sunny
12-05-2026 11:54,21.06,87.75,49.63,10.75,138,43.28,29.27,119.09,565.9,87.63,0.11,9.72,320.9,32.75,98.77,3.6,Sunny
12-05-2026 11:54,37,87.71,49.72,13.54,134.6,47.34,30.36,119.4,687.2,87.52,-0.33,9.72,317.3,33.5,98.77,1.8,Sunny
